0,"Ruma Abedona Hospice 143 Rail Park (West), Rishra, District: Hooghly, PIN 712205, West Bengal.","Mr. Santanu Chakraborty Ph: 91 9830088821, 91 33 26724598 Fax: 91 33 26724598 rumahospice@gmail.com, santachak@gmail.com",www.rumahospice.org.in,west bengal,22.7193549,88.3362526
1,"Sambedna Madhyamgram, District: North 24 Parganas, West Bengal.",,,west bengal,22.7222454,88.485578
2,"Saroj Gupta Cancer Centre & Research Institute Mahatma Gandhi Road, Thakurpukur,  Kolkata 700063, West Bengal.","Dr. Rakesh Roy, Palliative Care Incharge Ph: 91 9830051479, 91 9831161172 rex4you@gmail.com",www.cancercentrecalcutta.org,west bengal,22.4590563,88.3215075
3,"Chittaranjan National Cancer institute 1st Campus, Dept of Pain and Palliative Care, 37, S P Mukherjee Road, Kolkata 700026, West Bengal.","Dr R K Mandal Ph: 91 9831002078 Dr. Debashish Jatua, Ph: 91 8961563397, 91 8240534938 drdebasishjatua@gmail.com Ph: 91 33 3324765101, extn-392/377 cncinst@vsnl.com",cnci.org.in,west bengal,22.5254243,88.3469854
4,"Chittaranjan National Cancer institute 2nd Campus, Dept of Pain and Palliative Care, Street number 299, D J block, Newtown, Action area I, Rajarhat 700156, West Bengal.","Dr R K Mandal Ph: 91 9831002078 Dr. Debashish Jatua, Ph: 91 8961563397, 91 8240534938 drdebasishjatua@gmail.com Ph: 91 33 3324765101, extn-392/377 cncinst@vsnl.com",cnci.org.in,west bengal,22.5674773,88.4690404
5,"Eastern India Palliative Care Barrackpore, Kolkata, West Bengal.",Runa Mitra Ph: 91 70597641764 runamitra01@gmail.com,,west bengal,22.7594185,88.4058445
6,"Oncolink Palliative Care Hospital Village: Teghari, P. O.: Madanpur,  District: Nadia, PIN 741245, West Bengal.","Ph: 91 33 22276913 , 91 33 24224788 oncolink_india@yahoo.co.in www.oncolinkindia.com",View,west bengal,23.0145236,88.5015662
7,"Hope Foundation Hospital, Hope Kolkata Foundation, 139 B, Vinobha Bhawe Road, Kolkata - 700038, West Bengal.","Dr. Indranil Khan Ph: 09831534166, 03324075090",,west bengal,22.5084539,88.3227081
8,"Kolkata Medical College & Hospital Dept of Radiotherapy 88 College Street, Kolkata 700042, West Bengal.","Dr. Shyamal Sarksr, Professor of Radiotherapy Ph: 91 33 22551621 drshyamalsarkar20141@gmail.com, info@medicalcollegekolkata.in",www.medicalcollegekolkata.org/index.html,west bengal,22.5723665,88.3616605
9,"Loyola Health Care Center Uttar Salbari, PO: Mogulkuta Bazar, Dist: Jalpaiguri, PIN 735202, West Bengal.","Sr. Dr. Rani Rose Sr. Dr. Anjali Ph: 91 9495261937, 91 9735900000 drranirose@gmail.com",,west bengal,26.7802643,88.9560279
10,"Daughters of the Ccross Health Centre Hatighisa, Darjeeling, West Bengal.","Sister Antonia Ph: 91 9830504342 arulanduantonia@gmail.com, hatighisahealthcarecentre@gmail.com",,west bengal,26.870308,88.2605926
11,"Department of Palliative Care and Psychooncology Tata Medical Center, Major Arterial Road,  Newtown, Kolkata 700160, West Bengal.","Dr. Shrikant Atreya Ph: 91 33 6605 7224, 91 33 66057795, 91 33 66057092 shrikant.atreya@tmckolkata.com",,west bengal,22.5772106,88.4767103
12,"Care Continuum Pvt. Ltd. DGHS – WB, 28B, Gariahat Road, Kolkata 700029, West Bengal.",Ph: 91 7044074009 connect@carecontinuum.in Dr Soma Bhattacharjee Ph: 91 9038000010 Maitreyee Bhattacherjee Ph: 91 7044071144,www.carecontinuum.in,west bengal,22.5321866,88.3647709
13,"Ganga Prem Hospice Rishikesh, Uttarakhand.",Dr. Aditi Chaturvedi  Ph: 91 9410507009 aditichaturvedi1978@gmail.com Dr. Dominique Cassidy Ph: 91 4776442254 kansha76@yahoo.com Dr Brenda Ward Ph: 91 8755223867 brendaward21@icloud.com,www.gangapremhospice.org,uttarakhand,30.0280883,78.2414713
14,"Pain and Palliative Care Clinic Department of Anaesthesia, ICU & Pain, Shri Mahant Indresh Medical College, Dehradun,  PIN 248001, Uttarakhand.",Dr. Mayank Gupta Ph: 91 8171238996 drm_gupta@yahoo.co.in,,uttarakhand,30.3045476,78.0208027
15,"IAS Academy hospital Mussourie, Uttarakhand.",Dr. Divya Mishra (Radio-Oncoclogist),,uttarakhand,30.3821269,78.048593
16,"Cancer Research Institute, HIHT Himalayan Institute of Medical Sciences, SRHU Campus, Jollygrant, Dehradun 248140, Uttarakhand.",Ph: 911352471647 anshikaarora@srhu.edu.in Dr Anshika Arora Ph: 91 8126923475,,uttarakhand,30.1930468,78.1650028
17,"Sanjay Gandhi Post Graduate Institute of Medical Sciences (SGPGIMS) Department of Anaesthesia, Sanjay Gandhi Post Graduate Institute of Medical Sciences, Raebareli Road, Lucknow 226014, Uttar Pradesh.",Dr. Sanjay Dhiraj Ph: 91 8004904595 sdhiraaj@gmail.com,,uttar pradesh,26.7435439,80.9452064
18,"Harriet Benson Memorial Hospital Civil Lines,  P. O. & District: Lalitpur, PIN 284403, Uttar Pradesh.",Dr. Tony Biswas lalitpur@eha-health.org,,uttar pradesh,24.6956187,78.4125152
19,"Broadwell Christian Hospital Collectorganj,  P. O. & District: Fatehpur, PIN 212601, Uttar Pradesh.",Dr. Sunitha Verghese palliative.fatehpur@eha-health.org,,uttar pradesh,25.918869,80.8075097
20,"Prem Sewa Hospital Utraula,  Balrampur District, PIN 271604, Uttar Pradesh.",Dr. George Varghese palliative.utraula@eha-health.org,,uttar pradesh,27.3202488,82.4074388
21,"Emmanuel Hospital Association Lalitpur, Herbertpur, Uttar Pradesh",,,uttar pradesh,24.6956187,78.4125152
22,"Bhaktivedanta Hospice Parikrama Marg, Near Baraha Ghat, Vrindavan, Dist. Mathura, PIN – 281121 Uttar Pradesh.","Ph: 91 565 6458881, 91 8791104811 Dr. Vineeta Ph: 91 9322429624 Mr. Sameer Vanjaria (Co-ordinator) Ph: 91 9045183268 Dr. Avnish Pandey (Administrator) Ph: 91 9012524447",,uttar pradesh,27.5748265,77.6917275
23,"Aastha Centre for Geriatric Medicine, Palliative Care Hospital, Hospice & Social Welfare Society B-52, J Park,  Mahanagar, Lucknow 226006, Uttar Pradesh.",hospiceindia@gmail.com Dr. Abhishek Shukla (MD) Ph: 91 9336285050 Ms. Ragini Singh (Admin) Ph: 91 9389484980,www.hospiceindia.org/,uttar pradesh,26.8822073,80.9505584
24,"Dr. Ram Manohar Lohia Institute of Medical  Sciences Lucknow, Uttar Pradesh.",Dr. Anurag  Aggarwal (Associate Prof. Anaesthesia) Ph: 91 7388970385,,uttar pradesh,26.8408244,81.0064655
25,"Institute of Medical Sciences Pain & Palliative Care Division Institute of Medical Sciences, Dept of Anaesthesiology, Banaras Hindu University, Varanasi 221005, Uttar Pradesh.","Dr. Pushkar Ranjan, Head of Dept of Anaesthesiology Ph: 91 542 2367568, 91 542 2307500 pushkarranjanbhu@gmail.com, directorims@gmail.com",www.bhu.ac.in,uttar pradesh,25.2744547,82.9995254
26,"CanSupport Meerut Centre A-18, Surya Nagar, (Behind LIC Building), Meerut 250001, Uttar Pradesh.",Mr. Mohit Kumar Ph.: 91 8826576722 Dr. Dr Mehboob Waris Ph.: 91 9821329624,www.cansupport.org,uttar pradesh,28.7718849,77.4736902
27,"Max Superspeciality Hospital Oncology Tower, Vaishali, Sector 1, Ghaziabad 201012, Uttar Pradesh.",Dr. Megha Pruthi Ph.: 91 9818432332 drmeghapruthi2011@gmail.com,,uttar pradesh,28.6348618,77.3359652
28,"Martin DePores Hospital Isanagar, Bilaspur, Dist: Rampur, Uttar Pradesh .",Sister Dr. Jyothie Serrao Ph: 91 9927920024 jyothiserrao2007@yahoo.com,,uttar pradesh,28.9016512,79.2929486
29,"Mercy Home Home for the TB/HIV and Palliative Care Centre DSS Amal Jyothi Province, Amal Jyothi Provincial House, Buda Village, Judepur, Jhansi 284002, Uttar Pradesh.","Sister Dr. Mary Lourd Ph: 91 8953647148 amaljdssjhs@rediffmail.com, rubydss@rediffmail.com, dssamaljyotijhansi@gmail.com",,uttar pradesh,19.0531079,73.1792125
30,"King George's Medical University, Chowk Lucknow, Lucknow - 226003, Uttar Pradesh.","Dr. Sarita Singh Ph: 91 9415520080, 91 7905303840 saritacsmmu@rediffmail.com",,uttar pradesh,26.867861,80.9164404
31,"MPMMCC & HBCH, Varanasi  Tata Memorial Centre, Mumbai (Department of Atomic Energy, Govt. of India), Mahamana Pandit Madan Mohan Malviya Cancer Centre (MPMMCC), BHU Campus, Sundar Bagiya,  Varanasi 221005, Uttar Pradesh.",Dr. Somnath Dey Ph: 91 542 2575033 (Ext 2017) drdeysomnath@yahoo.co.in,,uttar pradesh,25.2783532,82.9871504
32,"Cancer Palliative Care Unit King George's Medical University, Lucknow - 226003, Uttar Pradesh.",Dr. Rajendra Kumar Ph: 91 9369918180 Rashmi Gupta Ph: 91 8700102384 rashmiguptakgmupalliativecare@gmail.com,,uttar pradesh,26.8267185,80.9538964
33,"Kalyan Singh Super Speciality Cancer Institute An Autonomous Institute of Govt. of UP, C. G. City,  Sultanpur Road,  Lucknow - 226002",Ph: 91 522 2971477 info@cancerinstitute.edu.in Dr. Himanshu Prince Ph: 91 8077013462,www.cancerinstitute.edu.in,uttar pradesh,26.7864843,81.0182879
34,"Kosish - Tripura Chapter 79 Tilla, Kunjaban Agartala 799006,  Tripura.",Dr. Rupali Choudhary,,tripura,23.859065,91.2893299
35,"Palliative Care Unit Regional Cancer Centre, Kunjaban, Agartala 799006, Tripura.","Dr. Gautam Majumdar (Chief Programme Executive & Medical Superintendent) Ph: 91 381 2355497, 91 9436131423 Fax: 91 381 235 9220 drgmajumdar@yahoo.in",,tripura,23.8517805,91.3021144
36,"Department of Pain & Palliative Medicine MNJ Institute of Oncology and Regional Cancer Centre Room 34, 1st floor, Re Hills, Hyderabad 500004, Telangana.","Ph: 91 40 23397000, Ext: 148 mnj.palliative@gmail.com Dr. Gayatri Palat (Prof. & HOD) Ph: 91 9985480614",www.mnjiorcc.in/,telangana,17.3990111,78.4624645
37,"Kumudini Devi Hospice/ Palliative Care Centre Pillar no 789, Inside Sivananda Rehabilitation Home,  Kukatpally, Hyderabad 500072, Telangana.",Dr. B. V. Manjula Ph: 91 9848021801 Dr. Priya Kumari Ph: 91 9866916065 palliativecarepartners@gmail.com,www.palliativecarepatners.in,telangana,17.4897313,78.4077042
38,"Sparsh Hospice Sy No. 7/1/2, Next to Oakridge International School, Hyderabad 500008, Telangana.",Ms. Sarada Lingaraju Ph: 91 9052893630 Kalpana & Eshwar (social workers) Ph: 91 7995027879 info@sparshhospice.org,www.sparshhospice.org,telangana,17.4186261,78.3646542
39,"Basavatarakam Indo-American Cancer Hospital & Research Institute Road No. 10,  Banjara Hills, Hyderabad 500034, Telangana.",Dr. Anjana Surath Ph: 91 40 23551235 Ext. 2536 dranjanasurath@induscancer.com,,telangana,17.4171079,78.4305233
40,"Chevella, Government Area hospital, Telangana.",Ph: 91 9121691902,,telangana,17.3465754,78.3140132
41,"Mahbubnagar District General Hospital, Telangana.",Ph: 91 6309608676,,telangana,16.6227727,78.149544
42,"Choutuppal Community Health Centre, Telangana.",Ph: 91 6304231803,,telangana,17.2412394,78.6850253
43,"Gajwel Government Area Hospital, Telangana.",,,telangana,17.8868088,78.6957901
44,"Khammam District Hospital, Telangana.",Ph: 91 6304525959,,telangana,17.390623,80.4049593
45,"Warangal MGM Hospital, Telamgana.",Ph: 91 6304214149,,telangana,17.9903134,79.5928432
46,"Jangoan Government Area Hospital, Telangana.",Ph: 91 9640710628,,telangana,17.7355286,79.1373552
47,"RIMS, Adilabad, Adilabad District, Telamgana.",,,telangana,19.6622302,78.5194889
48,"Apollo Health Street Ltd Apollo Campus, J Hills, Hyderabad 500033, Telangana.","Dr Vikram Chhatwal, Chairman Ph: 91 40 66022113 vikram.chhatwal@mediassistindia.com",www.apollohealthstreet.com,telangana,17.427795,78.4052281
49,"St. Theresa Hospital Shamshabad, Telangana.","Sr. Dr. Mary Thomas Ph: 91 6281606200, 91 9491826657, 91 8500020297(WA) thomasmaryjmj@gmail.com",Supported by Catholic Health Association of India (CHAI).,telangana,17.2560178,78.4112636
50,"St. Ann's Hospital Sisters of St. Ann of Providence, Appanapeta, Peddapalli - 505174, Telangana.","Sr. Dr. Pioreena Ph: 91 9550927300, 91 8985635554 jespioma@yahoo.co.in",Supported by Catholic Health Association of India (CHAI).,telangana,18.6442932,79.3905062
51,"Jeevadan Hospital Francician Clarist Congregation, Yellareddy, Dist.: Kama Reddy, PIN 503122, Telangana.","Sr. Dr. Lellis FCC Ph: 91 8465 227062, 91 9704991056 drlkalloorkunnel@yahoo.com",Supported by Catholic Health Association of India (CHAI).,telangana,18.2519037,78.1678999
52,"Nirmala Dasi Seva Society H. No 5-1-103/A/3, Near ITI, Sangareddy 502001, Telangana.",Sr. Rosily Kalathil Ph: 91 8281717924 nirmalasrd@gmail.com,,telangana,19.146608,72.8327029
53,"Karunalayam Holistic Care Centre For HIV/AIDS, Karunapuram, PO: Peddapendial, Warangal 506 151, Telangana.","Dr. Vivekananda,  Father Alex Ph: 08711 223457 Ph: 91 9451227884, 91 9451227884, 91 9849571049, 91 8096490233",,telangana,17.3957135129827,78.5057880543051
54,"Prashanth Bhavan St. Anns Social Service Society, Desharajapally X Road, Velichala Village, Ramadugu Mandal, Karimnagar 505451, Telangana.",Sr. Joyce Ph: 91 9963459078 prashanthbhavan_cccknr@rediffmail.com,,telangana,18.5528039,79.0550235
55,"Pratyasha Palliative Care Near Shiva Shivani Public School, Devaryamjyal, Medchal, Telangana.","Sister Sudeepa Ph: 91 7075738579, 91 9133154466 pratyashahpcc@chai-india.org",,telangana,17.5785296,78.5069213
56,"Mandara Children's Hospice Pain Relief and Palliative Care Society, Pillar No. 789, Inside Sivananda Rehabilitation Home, Kukatpally, Hyderabad 500072, Telangana.",Ph: 91 6305822259 palliativecarepartners@gmail.com Dr. Jagadiswara Reddy Ph: 91 9885480381,www.palliativecarepatners.in,telangana,17.4888167,78.4084287
57,"Home Based Palliative Care Program (Adult) Pain Relief and Palliative Care Society, Inside Sivananda Rehabilitation Home. Metro Pillar. 789, Kukatpally, Hyderabad 500072, Telangana",Dr. Gayatri Palat Ph: 91 9177238901 palliativecarepartners@gmail.com,www.palliativecarepatners.in,telangana,17.4888167,78.4084287
58,"Palliative Care Centre MGM Hospital Warangal, Sherpura, Warangal 50607, Telangana.",Ph: 91 6304214149 Dr. Shiva Prasad Ph: 91 9652656178 cshivaprasad93@gmail.com,,telangana,17.9909282,79.5923121
59,"Palliative Care Centre Rajiv Gandhi Institute of Medical Sciences, RIMS, Rickshaw Colony, Adilabad 504001, Telangana.",Ph: 91 9492903315 tumunikhil@gmail.com Dr. Nikhil Raj Ph: 91 9390073611,,telangana,19.6640208,78.5250663
60,"Palliative Seva Kendra RIMS, Adilabad 509001, Telangana.","Dr. Vyshali Ph: 91 9492903315, 91 9885112960 vyshalireddy6498@gmail.com",,telangana,18.1740713,78.22731
61,"Palliative Care Centre Government Area Hospital,  Moinabad Road, Ranga Reddy District, Chevella 501503, Telangana.",Ph: 91 9121691902 Dr. Srujana  Ph: 91 7780275810 srujanapusnoor714@gmail.com,,telangana,17.3834194,78.2414595
62,"Palliative Care Centre, Area Hospital Room 308, Government Area Hospital, Siddipet Road, Janagoan District, Janagoan 506167, Telangana.",Ph: 91 9640710628 Dr. D. Prasad Ph: 91 8247345184 devulapallyprasad7582@gmail.com,,telangana,17.9082842,79.0042483
63,"Palliative Care Centre District Hospital, Gajwel, Siddipet District, PIN 502278, Telangana.",Ph: 91 9701298209 Dr. Vijender Reddy Ph: 91 9666507775 vijender0000027@gmail.com,,telangana,17.9345783,78.7086439
64,"Palliative Care Centre District Hospital, Medchal, Malkajgiri, PIN 500047, Telangana.",Dr. Amul Kumar Ph: 91 9550095599 amul874u@gmail.com,,telangana,17.5292717,78.5337462
65,"Palliative Care Centre District Hospital,  PR Colony, Mahbubnagar 509001, Telangana.",Ph: 91 6309608676 mahbubnagar.psk@gmail.com Dr. Jaya Lakshmi Ph: 91 7032151395,,telangana,16.7515744,78.0695118
66,"Palliative Care Centre District Hospital, Kamareddy Station Road,  Lachapet, Kamareddy 503111, Telangana.",Ph: 91 9912412833 palliativecarepartners@gmail.com Dr. K. Harika Ph: 91 6303267519,,telangana,18.3245779,78.3358299
67,"Palliative Care Centre, Gadwal District Hospital, Shaik, Hussain Colony,  Gadwal District, Gadwal 509125, Telangana.",vanivadde1@gmail.com Ms. Keerthi  Ph: 91 8688404156,,telangana,16.2339282,77.8085715
68,"Palliative Care Centre Suryapet District Hospital, Suryapet 508213, Telangana.",Ph: 91 9989595353  Dr. Satish  Ph: 91 855010055 sathishdasarimbbs@gmail.com,,telangana,17.1440319,79.6241829
69,"Palliative Care Centre Gaddiannaram, Red Cross Hospital Building, Dilshuknagar, Hyderabad 500060, Telangana.",Dr. M. D. Mustafa Ahmed Ph: 91 9966833491 dr.mdmustafa062@gmail.com,,telangana,17.3636761,78.522228
70,"Palliative Care Centre Wanaparthy District Hospital, Hanuman Tekidi, Raigadda, Wanaparthy 509103, Telangana.",Ph: 91 9704879392 konkalaravinder34@gmail.com Dr. Venu Gopal Ph: 91 8977662213,,telangana,16.3632625,78.065016
71,"Palliative Care Centre Community Health Centre, Choutuppal,  Yadadri Bhuvanagiri District, PIN 508252, Telangana.",Ph: 91 6304231803 katamraju1987@gmail.com,,telangana,17.2538966,78.8953932
72,"Bsavatarakam 10, Banjara Hills, Hyderabad 500034, Telangana.",Dr. Praneeth Suvvari Ph: 91 9912223610 ppcbiachi@gmail.com,,telangana,17.4172114,78.4302084
73,"Life At Your Door Step: Home Based Palliative Care Program Pain Relief & Palliative Care Society, Pillar No. 789, Inside Sivananda Rehabilitation Home, Kukatpally, Hyderabad 500072, Telangana.",Ph: 91 9676106796 palliativecarepartners@gmail.com Dr. Sunil Jilla Ph: 91 8106324814 Dr. Samina Zainab Ph: 91 9848177760,www.palliativecarepatners.in,telangana,17.4883471,78.4089027
74,"DEAN Foundation Hospice and Palliative Care Centre, Old No. 73, New No.59, II Street, Aspiran Garden Colony, Kilpauk, Chennai 600010, Tamil Nadu.","Ph: 91 44 26602112, 91 94449 24949 deanfn@gmail.com, deanfoundation@gmail.com",,tamil nadu,13.0868983,80.2366848
75,"DEAN Foundation Kancheepuram, Rural Outreach Hospice & Palliative Care & Geriatric Services, Thiruppukuzhi PHC, Baluchetty Chatram, Kancheepuram 631551, Tamil Nadu.","Ph: 91 44 27246969, 91 95517 64074 deanfn@gmail.com",,tamil nadu,12.976652,79.9259506
76,"DEAN Foundation Department of Paediatric Hospice & Palliative Medicine, Institute of Child Health & Hospital for Children, 4th Floor, Old 9 Storey Building, Tamizh Salai (Halls Road), Egmore, Chennai 600008, Tamil Nadu.","Ph: 91 44 28194141, 91 99401 75451 deanfn@gmail.com",,tamil nadu,13.0800399,80.24636
77,"DEAN Foundation Integrated Palliative & Geriatric Rural Outreach Project, (Adjacent to Christ the King Engineering College Campus), Onnipalayam Road, P. O.: Chikarampalayam, Karamadai, Combatore 641104, Tamil Nadu.",Ph: 91 04254 297333 91 83005 08071 deanfn@gmail.com,,tamil nadu,11.2169277,76.9836601
78,"Jeevodaya Hospice 1/86 Kamaraj Road, Mathur,  P. O.: Manali, Chennai 600068, Tamil Nadu.","Dr. Manjula Krishnaswamy Medical Director, manjula6693@yahoo.co.in Ph: 91 44 2555565 jeevodayahospice@gmail.com",www.jeevodaya.com,tamil nadu,13.1678966,80.2418816
79,"Raksha Hospice G. Kuppuswamy Naidu Memorial Hospital, P. O. Box 6327, Pappanaickanpalayam, Coimbatore 641037, Tamil Nadu.","Dr. Ramkumar Raghupathy, Dean Ph: 91 422 2243501 - 07 Fax: 91 422 213509 rakshahospice@yahoo.co.in",www.gknmh.org,tamil nadu,11.0131513,76.978986
80,"Padiyath Pain & Palliative Care Society Padiyath Hospital, Karuvarakkundu Road, Melattur, Tamil Nadu.",Dr. Shaji Ph: 91 493 3279091,,tamil nadu,11.0607216,76.2743018
81,"Gudallur Palliative Care Clinic Near J. J. Textiles, Gudallur, Nilgiri District, Tamil Nadu.",Mr. Najmudheen,,tamil nadu,11.5054921,76.4878262
82,"Christian Medical College & Hospital Palliative Care Service Ida Scudder Road, Vellore 632004, Tamil Nadu.","Dr. Jenifer Jeba Ph: 91 416 2283159, 91 416 2223159  Fax: 91 416 223 2035 palcare@cmcvellore.ac.in","clin.cmcvellore.ac.in, www.cmch-vellore.edu",tamil nadu,12.9243598,79.1357237
83,"Lakshmi Pain & Palliative Care Trust Lakshmi Sundaravadanan Hospital 134 Poonamallee High Road, Chennai 600 084, Tamil Nadu.","Dr. Mallika Tiruvadanan Ph: 91 44 25322684 mallikatiruvadanan@gmail.com, lakshmipaincare@gmail.com",www.lakshmitrust.org,tamil nadu,13.06448,80.1693533
84,"Arulagam Hospice Bangarupuram,  P. O.: Reddiarchatram, Dindigul District, PIN 624622, Tamil Nadu.",Charlet Soundararajan (Project Director) Ph: 91 451 2554202 arulhos@yahoo.co.in,,tamil nadu,10.429834,77.86798
85,"CSI Hospital Dharapuram, Periyar District, PIN 638 656, Tamil Nadu.",Dr. Jonas Suganthan Ph: 91 4258 220642,,tamil nadu,10.7551188,77.5357428
86,"Sudharsana Palliative Care Hospital 119 D, Palayam Bazar, Woraiyur, Tiruchirappalli 632003, Tamil Nadu.",Dr. T. Mohanasundaram Ph: 91 9345 116599,,tamil nadu,10.8212581,78.6680561
87,"Cancer Research & Treatment Centre (CRC) Sevagram, Morappur, Dharmaduri district, PIN 635305, Tamil Nadu.",Dr. Lazar Lucas Babu seva2@rediffmail.com,,tamil nadu,12.0930111,78.445748
88,"Sree Ram Cancer Trust Pain & Palliative Care Clinic, 3/143B1, Ananthan Nager, Medical College Road, P. O.: Asaripallam,  Nagercoil, Kanyakumari District, PIN 629201, Tamil Nadu.",S. Senthil Kumar Ph: 91 8903535945 sreesenthil76@yahoo.com,,tamil nadu,8.1741236,77.4002364
89,"Pallium Kulasekharam Sarada Krishna Homeo Medical College, Kulasekharam, Kanyakumari District, PIN 629161, Tamil Nadu.",Dr. Sukumaran Nair Ph: 91 9447888119 pksukumarannair@yahoo.co.uk,,tamil nadu,8.3758934,77.2948892
90,"Santhallaya Hospice C-86, T. Annamalai, Memorial Building, Further Western Extension, Water Tank Road,  Gandhipuram, Thillai Nagar,  Trichy 620018, Tamil Nadu.",Ph: 91 431 2766677 shanthallaya@gmail.com,www.shanthallya.org,tamil nadu,10.8231246,78.6803798
91,"Shri Isari Velan Mission Hospice Sri Venkateswara Dental College Campus, Off. OMR,  Rajiv Gandhi Salai, Novalur,  Thalambur,  Chennai 600103, Tamil Nadu.",Dr. Elangovan Ph: 91 44 27435060 Fax: 91 44 27436059 info@velanhospital.com,www.velanhospital.com,tamil nadu,12.823552,80.2104142
92,"St. Joseph Hospital Dindigul 624001, Tamil Nadu.",Sr. Mary Josefa (Administrator) Ph: 91 451 2426091 - 92,,tamil nadu,10.3696664,77.9819471
93,"St. Joseph Hospital Palliative Care 43, Jayapuram Colony, Jayapuram, Tindivanam 604001, Tamil Nadu.","Sr. Dr. Sindhumol Joseph Ph: 7639380360, 6374306924 clunyhospital@gmail.com",,tamil nadu,12.2191819,79.6545951
94,"Pushpagiri Mission Hospital Gudalur, Nilgiris District, Tamil Nadu.",Dr. Sr. Lilly Jose Ph: 91 4262 262199,,tamil nadu,11.5039889,76.4878358
95,"RMD Pain & Palliative Care Trust 13, Ragaviah Road, T.  Nagar, Chennai 600017, Tamil Nadu.",rmdcbpcproject@gmail.com Dr Republica Sridhar Ph: 91 9381016588 D Logeshwari Ph: 91 9094235513,www.rmdpainpalliative.com/,tamil nadu,13.0440479,80.235508
96,"Pain & Palliative care department Cancer Institute (WIA), Adyar,  Chennai 600036, Tamil Nadu.",Dr. Kalpana Balakrishnan Ph: 91 44 22300453 ppc@cancerinstitutewia.org,,tamil nadu,13.0067654,80.2398008
97,"Dr Zachariamar Mar Theophilos Memorial Palliative Care Unit Christa Shisbya Ashram Trust SH 164, Anaikatti road, Thadakam, Coimbatore 680411, Tamil Nadu.",Ph: 91 94463 25109,,tamil nadu,11.0551258,76.8998981
98,"Holy Cross Hospital Sisters of the holy cross Menzingen, PO: Kothamangalam, Via: Bhavani Sagar, Sagar, Dist: Erode, PIN 638451, Tamil Nadu.",Sr. Dr. Fidelis Vitty Jasmin Ph: 91 9994834574 bittyjasmin@gmail.com,Supported by Catholic Health Association of India (CHAI).,tamil nadu,28.6219547,43.6717311
99,"Leonard Hospital Batlagundu, Dist: Dindigul, PIN 624202, Tamil Nadu.","Sr. Dr. Jacqueline Leonard Ph: 91 9894743845 jackipragasam@gmail.com, holyleonard@gmail.com",,tamil nadu,10.165712,77.760817
100,"Krupalaya Palliative Care Centre Konangipalayam, PO: Panampattu, Villupuram Tq  Dist: Villupuram, PIN 605103, Tamil Nadu.","Sister Juliat PH: 91 4146 241477, 91 9159818240 krupalaya_csst@yahoo.co.in",,tamil nadu,11.9247863,79.5232933
101,"Krupalaya Palliative Care Centre Krupalaya, Opp to Sacred Heart Convent, East Pondy Road , Villipuram 605602, Tamil Nadu.","Sister Juliat PH: 91 4146 241477, 91 9159818240 krupalaya_csst@yahoo.co.in",,tamil nadu,11.9372127,79.5075492
102,"Sneha Sadan Clooney Convent, PO: Sallempatti, Palacode Tk, Dharampuri 636701, Tamil Nadu.","Sister Vimla Ph: 91 9486641751, 91 4348-235201 snehasadan2007@gmail.com",,tamil nadu,12.5539081,77.8683114
103,"Golden Butterflies Children's Palliative Care Foundation, Door no 1, Ground floor,  Ashwin Flats, 6 Prof. Subramani Street, Kilpauk, Chennai 600010, Tamil Nadu.","Ramalakshmi Ph: 91 6380660206, 91 9841351951 stellamat@gmail.com",www.goldenbutterflies.in,tamil nadu,13.090117,80.2436773
104,"Annai Aadhuraham Hospice 53/3, Thimmakudi Baburajapuram, Kumbakonam 612302, Tamil Nadu.",Ph: 91 435 2480516 annai.adhuragam@gmail.com Dr. Preethi C. Ph: 91 9443130139 Dr. Thyagrajan S. Ph: 91 9443131639,www.aahospice.org,tamil nadu,10.9608377,79.3422364
105,"St. Hospital Palliative Care Centre No 79/43, Nageswaran North Street, Kumbakonam 612001, Tamil Nadu.",Ph: 91 4352430839 sthospitalnew@gmail.com Dr. Chandramohan T. Ph: 91 9443130129 Dr Preethi C. Ph: 91 9443130139,,tamil nadu,10.9615976257495,79.3785385850446
106,"CHAD Palliative Care Program Community Health Department, Christian Medical College, Bagayam, Vellore 632002, Tamil Nadu.",Ph: 91 4162284207 chad@cmcvellore.ac.in Dr. Vinod Joseph Abraham,www.cmch-vellore.edu,tamil nadu,12.8793753,79.1338621
107,"Soul Palliative Care 91, Pillayar Kovil Street, Vengaivasal, Medavakkam 600100, Tamil Nadu.",Preetha Mahesh Ph: 91 9841313433 soulpalliativecare2018@gmail.com,,tamil nadu,12.9208255,80.1921836
108,"Mahaveer Ashray Hospice A unit of cancer Institute (WIA) 1258, Kiloy Road, Sriperumbutur 602105, District: Kancheepuram, Tamil Nadu.",Ph: 91 9884817625 mahaveer.hospice@gmail.com Dr. Shobha. D. Patil Ph: 91 9481907778 Dr. Kalpana Balakrishnan Ph: 91 9840158777,,tamil nadu,12.9733946,79.9383239
109,"Boson Care 1766A, I- Block, 1st Street, Anna Nagar West, Chennai 600040, Tamilnadu.",Ph: 91 4445585222 bosoncare@gmail.com Dr. Gajasaraj Ph: 91 7010004141,,tamil nadu,13.0933575,80.1993709
110,"Kotagiri Medical Fellowship Hospital Kotagiri Medical Fellowship Trust, Mission Compound, Kotagiri 643217, The Nilgiris, Tamil Nadu.",Ph: 91 4266 271737 kmfoffice@kmf-kotagiri.org Dr Jason Thomas Ph: 91 9585259479 Dr Tony Abraham Ph: 91 9840648297,www.kmf-kotagiri.org/,tamil nadu,11.4347222,76.8596689
111,"Acharya Tulsi Regional Cancer Treatment & Research Institute (RCC) Associated Group of Hospitals, S. P. Medical College, Bikaner 334003, Rajasthan.","Dr. Mohd. Yunus Khilji (Astt. Prof, Dept. of Anaesthaesia) Ph: 91 8587858715 mykshz@gmail.com Dr. Raj kumar Nirban (ATRCTRI, Bikaner) Ph: 91 9461046334 dr.rknirban@gmail.com",,rajasthan,28.0115515,73.3268128
112,"Sanchetee Hospital & Cancer Institute 429 Pal Link Road, Jodhpur, Rajasthan.","Dr Suresh Sanchetee Ph: 91 291 2752666, 91 291 2753666 Fax: 91 291 2623850 rccure@sify.com",,rajasthan,26.272475,72.987435
113,"Bhagwan Mahaveer Cancer Hospital & Research Centre Jawahar Lal Nehru Marg,	 Jaipur 302017, Rajasthan.","Dr. Anjum S. Khan Joad Ph: 91 9828915257, 91 141 2700107, 91 141 2702120, 91 141 2702106, 91 141 2702899 anjumjoad@gmail.com, iapcjaipur@gmail.com. info@bmchrc.org, bmchrc@hotmail.com",www.bmchrc.org,rajasthan,26.8632491,75.8058861
114,"Khailshanker Durlabhji Avedna Ashram Jaipur, Rajasthab.",Sister Nicolette Ph: 91 141 2556251,,rajasthan,26.8944003,75.8129079
115,"Rabindranath Tagore Hospital Udaipur, Rajasthan.",Dr. Lalit Kumar Raigar Ph: 91 9414352823,,rajasthan,24.588215,73.6949805
116,"Sawai Mansingh Hospital Jaipur, Rajasthan.",Dr. Shantanu Sharma Ph: 91 9828246180 docshantanusharma@yahoo.co.in Dr. Ashwin Mathur Ph: 91 9829038756 drmathurashwin@gmail.com,,rajasthan,26.9066514,75.8168866
117,"Kota Stone Mariam Hospital Institute of Franciscan Sisters of St. Mary of the Angels, Dist: Kota, Ramganjmandi 326519, Rajasthan.",Sr. Dr. Vinaya Edappilly Ph: 91 8107452860 vinayafsma@ymail.com,Supported by Catholic Health Association of India (CHAI).,rajasthan,24.647606,75.9495523
118,"Shri Ram Cancer Center Mahatma Gandhi Medical College & Hospital, RIICO, Institutional Area, Sitapura, Tonk Road,  Jaipur 302022, Rajasthan.",Dr. Nipun Lamba Ph: 91 9529725485 dr.nipunlamba@yahoo.com Dr. Preeti Soni Ph: 91 7976309314,www.mgumst.org,rajasthan,26.7693761,75.8544224
119,"Palliative Care Department at Oral Medicine and Radiology Pacific Dental College and Hospital, Airport Road, Debari,  Udaipur 313024., Rajasthan.","Dr. Mohit Paul Ph: 91 8233263559, 91 9414049864, 91 96729178660, 91 9672917861 ext 239 drmohitpalsingh@gmail.com",,rajasthan,24.6028551,73.7981996
120,"AIIMS Jodhpur Room No 532, 5th floor, OPD block, AIIMS Jodhpur, Jodhpur 342005, Rajasthan.",Ph: 91 9414084584 pcaiimsjdh@gmail.com Dr. Manoj Kamal Ph: 91 9414803554,,rajasthan,26.2562262,73.002299
121,"Ludhiana Christian Medical College & Hospital Palliative Care Clinic Dept. of Anaesthesia, CMC, Ludhiana 141008, Punjab.","Dr. William Bhatti, Director	 directorcmcl@gmail.com Ph: 91 161 2115002, 91 161 2115003, 91 161 2115150, 91 161 2600685, 91 161 2600270 cmcmissions@gmail.com",www.cmcludhiana.in,punjab,30.9109722,75.8635702
122,"CanSupport Amritsar Amritsar Sewa Samiti Hospital, Beri Gate, Amritsar, Punjab",Ph: 91 9501887956,,punjab,31.634787,74.8625739
123,"CanSupport Ganpati Enclave, Bathinda, Punjab.",Ph: 91 9315905178,,punjab,30.174233,74.9555928
124,"Dayanand Medical College Ludhiana, Punjab.",Ph: 91 161 4688800 Dr. Kunal Jain (Medical Oncologist) dr_kunal_jain@dmch.edu,,punjab,30.916593,75.8356562
125,"Govt. Medical College H. No. - 61, GGS Medical Campus, Sadique Road, Faridkot 151203, Punjab.","Dr. Gurkiran Kaur Sidhu (Astt. Prof., Dept. of Anaesthesia) Ph: 91 9876766522 sugarsidhu2007@rediffmail.com Dr Raja Paramjeet Singh Banipal (Astt. Prof., Dept. of Radiotherapy) Ph: 91 9646912340",,punjab,30.6821306,74.7410593
126,"Global Cancer Concern India Regional Office 	 H. No - 10, Sant Fateh Singh Nagar, Dugri Road, Ludhiana 141002, Punjab.",Ph: 91 161 4644031,,punjab,30.884725,75.84804
127,"Global Cancer Concern India C/O Yashpal Karyana Store, Saili Kuliyan,  Pathankot 145001, Punjab.",Sukhdeep Gill Ph: 91 9815888553 northzone@gcci.org.in,,punjab,19.2338453,72.8562916
128,"St. Joseph's Hospital Catholic Institute of Carmelite Sisters, Ram Colony Camp, Dist.: Hoshiarpur, PIN 146001, Punjab.","Dr. Sr.Jessy Joseph PH.: 91 8437493242, 91 8437559984 (WA) jessymariajmj@gmail.com",Supported by Catholic Health Association of India (CHAI).,punjab,31.4985846,75.9466063
129,"Christu Jyoti Hospital The Association of Sisters of Destitute, Post: Amloh; Village: Bhadal Thuha, Dist.: Fathegarh Saheb, PIN 147203, Punjab.",Sr. Dr. Lilly Thomas Soubhagya Ph: 91 8146443347 jesausd7@rediffmail.com,Supported by Catholic Health Association of India (CHAI).,punjab,30.589598,76.2356007
130,"Sri Guru Ram Das Hospice and Home Based Palliative Care Sri Guru Ram Das University of Health Sciences, Village Mallunangal, Loharka Road,  Amritsar 143001, Punjab.",Dr. Harjot Singh Ph: 91 9914420756 hsingh.spm@sgrdimsr.in Dr. Paramjot Bindra Ph: 91 7837204492,www.sgrduhs.in,punjab,31.634752,74.9685555
131,"Pain Clinic Department of Anesthesiology, Mahatma Gandhi Medical College & Research Institute, Pillaiyarkuppam,  Pondicherry 607403.",Dr. Dewan Roshan Singh Ph: 91 413 2615449 - 58,,pondicherry,11.812002,79.778101
132,"Sri Venkateshwaraa Medical College Hospital & Research Centre Pondy-Villupuram Main Road,  Ariyur, Puducherry 605102.",Dr. Srikant Ph: 91 9489325306 srikantlatha@gmail.com,,pondicherry,11.903647,79.7016602
133,"Pain and Palliative Care Unit Sri Manakula Vinayagar Medical College and Hospital, Kalitheerthalkuppam, Puducherry 605107, Pondicherry.",Ph: 91 4132643000 Dr. Suguna E Ph: 91 7502254164 Dr. Vinayagamoorthy V 91 9894135452,,pondicherry,11.9213856,79.628235
134,"Palliative Care Unit Acharya Harihar Postgraduate Institute Of  Cancer, Manglabag, Cuttack 753007, Odisha.",Ph: 91 6712304264 ahrccdirector@gmail.com Dr. Sumita Mohanty Ph: 91 9437022633 dr_sumita2007@yahoo.com Dr. Rajat Das Ph: 91 9437268892,www.ahrcc.in,odisha,20.4732416,85.8872731
135,"Pain & Palliative Clinic Dept. Of Anesthesiology, All India Institute of Medical Sciences (AIIMS), Sijua, Patrapada, Bhubaneshwar 751019, Odisha.",Prof. Sukdev Nayak Ph: 91 674 2476400 sukdev.nayak@gmail.com Dr. Subhashree Das,aiimsbhubaneswar.nic.in,odisha,20.231832,85.7749943
136,"Health Village Hospital,   Plot no. 15/1, Civic center, Bhubaneswar -751015, Odisha.","Ph: 91 7064427700 / 01 painfreeodisha@gmail.com, healthvillagehospital@yahoo.in Dr. Shovan Kumar Rath Ph: 91 7606002165",www.painfreeodisha.com www.healthvillagehospital.com,odisha,20.294707,85.816483
137,"Carcinova Cancer Hospital,  Nuapatna, Cuttack, Odisha.",Ph: 91 9438163280 painfreeodisha@gmail.com Dr. Shovan Kumar Rath Ph: 91 7606002165,www.painfreeodisha.com www.carcinova.in,odisha,20.5230948,85.8284787
138,"Amrit Dhara Palliative Care Centre Amrit Dhara Palliative Care Trust, Plot no 398/4218, Laxmi Nagar, Patia, Bhubaneshwar 751024, Odisha.",Ph: 91 9668609666 wecare@amritdhara.org.in Dr. Mami Parija Ph: 91 8093060121 Namrata Ratha Ph: 91 9819586956,Brochure,odisha,20.3436785,85.8251908
139,"Bagchi Karunashrya Palliative care Centre Ground Floor, Odisha JEE Office, Jagmara,Gandamunda, Pokhariput, Bhubaneswar 751030, Odisha.","Ph: 91 6742914450, 91 9938207111 info@karunashrya.org Dr. Babita Varkey Ph: 91 8105611677 Mr. Gyana Mohapatra Ph: 91 9439040840",www.karunashraya.org,odisha,20.2462815,85.8081338
140,"Sum Ultimate Hospital Sum Ultimate Medicare, Kalinga Nagar,  Bhubaneswar 751003, Odisha.",Dr. Jyoti Prakash Samal Ph: 91 9337586159 jyoti.samal@gmail.com,,odisha,20.2830483,85.7725506
141,"Eden Pain & Palliative Care / Elderly Care Eden Medical Centre, Kashiram Road, (Near Sub-Jail), Dimapur 797112, Nagaland.",Dr. Nepuni Athikho Ph: 91 8837334305 drnepuniathikho12@gmail.com Dr. Asang Ph: 91 8697109181,edemedicalcentre.org,nagaland,19.1152065,72.9317312
142,"Department of Palliative Care RCC & Civil Hospital, Dinthal, Aizawl 796001, Mizoram.",Dr. Jeremy Pautu Ph: 91 9436150301 jlpautu@gmail.com,,mizoram,23.7331197,92.7328776
143,"Synod Hospital Aizawl, Mizoram.",Dr. Lalchhanhima Ralte Ph: +91 9774539981 chhanhima@gmail.com Dr. Sanghaluna Ph: 91 9436141739 drsanghluna.renthlei@gmail.com,,mizoram,23.7722288,92.7310205
144,"North Eastern Indira Gandhi  Regional Institute of Health & Medical Sciences (NEIGRIHMS), Mawdiangdiang,  Shillong, Meghalaya.",prithwisbhat123@gmail.com,,meghalaya,25.5910328,91.9405492
145,"Palliative Care Clinic Department of Radiotherapy, Regional Institute of Medical Sciences, Imphal 795004, Manipur.",Ph: 91 385 2310633 Ext. 109 Fax: 91 385 2310625 drtomcha@redifmail.com,,manipur,24.8156662,93.9233021
146,"Palliative Care Society Imphal Shija Hospitals, Langol, Imphal 795004, Manipur.",Roger Khoirom Ph: 91 7005833323 khoiromroger@gmail.com,,manipur,24.8261259,93.9218422
147,"Cancer Care Foundation Pain & Palliative Care Clinic Ranade Hospital, Karad 415110, Maharashtra.",Dr. R. G. Ranade Ph: 91 21 6422 9272 Fax: 91 21 6422 9274 rgranade@sancharnet.in,,maharashtra,17.2699115,74.1807889
148,"Shanti Avedna Ashram Mumbai 216 Mount Mary Road, Bandra, Mumbai 400050, Maharashtra.","Dr. L.  J. de Souza Ph: 91 22 26427464, 91 22 26451702, 91 22 26454590 Fax: 91 22 26421889 shantiavednasadan@gmail.com",http://www.shantiavednasadan.in,maharashtra,19.0474425,72.8218983
149,"Tata Memorial Hospital Palliative Care Clinic Tata Memorial Hospital, Parel 400012, Mumbai  Maharashtra.","Prof. M. A. Muckaden, Radiation Oncologist Ph: 91 22 24177000, 91 22 24146750 - 55 Fax: 91 22 414 6937 muckadenma@tmc.gov.in, msoffice@tmc.gov.in",http://tmc.gov.in,maharashtra,18.9974885,72.8368042
150,"Cipla Palliative Care & Training Centre 118/1, Mumbai-Bangalore Highway, Warje, Pune 411058, Maharashtra.","Dr Priyadarshini Kulkarni, Medical Director priyadarshini.kulkarni@gmail.com Dr. Prince John Ph: 91 20 25231130, 91 20 25231131, 91 20 65292912 Fax: 91 20 25231133 info@carebeyondcure.org, info@ciplacare.com",www.carebeyondcure.org,maharashtra,18.5215358,73.78806
151,"G. M. Priya Hospital Dapegaon,  Ausa Taluka, Latur 413572, Maharashtra.",Dr. Jaishri Chouguley palliative.dapegaon@eha-health.org,,maharashtra,18.2046941,76.5012518
152,"PALCARE 7C, Trust House,  Next to Global Hospital,  Dr. Ernest Borges Road, Parel,  Mumbai - 400012, Maharashtra.","Dr. Jayarajan (Chief Medical Officer) Ph: 91 22 65512552, 91 22 65512551, 91 22 65512550, 91 9969251242 jayarajan.palcareindia@gmail.com",www.palcareindia.com View Brochure,maharashtra,18.9994452,72.8402218
153,"Palliative Care Centre NKP Salve Institute of Medical Sciences, Digdoh Hills,  Hingna Road, Nagpur 440019,  Maharashtra.",Dr. Prabhat Nichkaode rajanichkaode@gmail.com Dr. Ravindra Kshirsagar rmk11ngp@gmail.com Ph: 91 9423172802,,maharashtra,21.1417124,79.0497078
154,"Ishpremalaya Palliative Care Hospice Bhatwadi,  Nirukhe Road, Kolgaon,  Sawatwadi 416510, Maharashtra.",Sister Emily Ph: 91 23 363275605,,maharashtra,15.9221941,73.828273
155,"Jawaharlal Nehru Medical College Sawangi (Meghe),  Wardha 442005, Maharashtra.",Dr. Nitin Raisinghani Ph: 91 9975762211 raisinghani_nitin@yahoo.com,,maharashtra,20.7156345,78.5750751
156,"Romila Palliative Care Center An Initiative of SNEHA Somnath Lane, Next to Holy Family Hospital, Hill Road,  Bandra, Mumbai 400050, Maharashtra.","Pouruchisti Wadia Ph: 91 9029006333, 91 22 65906333 pouru.wadia@snehamumbai.org",View,maharashtra,19.0614875,72.8276129
157,"Simpatico Palliative Connect 203, Park Plaza, Opposite Kamla Nehru Park, Deccan Gymkhana,  Pune 411004, Maharashtra.",Dr. Priyadarshini Kulkarni Ph: 91 8888266444 info@simpatico.co.in,simpaticopalliative.org,maharashtra,18.5175357,73.8350381
158,"Snehaanchal Old Imambada Police Station Bulding, Jat-Tirodi,  Indira Nagar, Ajni, Nagpur 440 003. 	 Maharashtra.",Mr. Jimmy Rana Dr Mona Rai Ph: 91 8390223311 snehaanchal123@gmail.com,,maharashtra,21.417723,79.4179289
159,"Palliative Care Services, Bhaktivedanta Hospital & Research Institute, Srishti, Mira Road (E), Mira Road, Thane 401107, Mumbai.","Dr. Umesh Gujjar Ph: 91 7506 350 995 drubgujjar@gmail.com, drumesh.g@bhaktivedantahospital.com",www.bhaktivedantahospital.com,maharashtra,19.2701049,72.8704989
160,"Care India Medical Society, 804, Sadar Bazar, Pune, Maharashtra.","Ms. Fatima Lilani 91 20 26450093, 91 20 26436617, 91 20 26457072 fatimalilani@gmail.com",View,maharashtra,18.5076595,73.87046
161,"Dr. Dhiliwals Pain & Palliative Care Tagore Nagar - 1, Opp. Amrapali Bldg, Vikhroli East, Mumbai 400083, Maharashtra.",Ph: 9320846193 dr.sunil.dhiliwal@gmail.com,http://www.painpalliative.org/ View Brochure,maharashtra,19.1152065,72.9317312
162,"Stella Cancer Center Hospice Bena Patti, Merces,  Vasai, Maharashtra.",Ph: 91 250 2328606,View,maharashtra,19.3508293,72.7921321
163,"Cardinal Gracias Memorial Hospital Trust Palliative OPD, Bangli, Sandor, P. O.: Vasai, Palghar 401201, Maharashtra.","Dr. Swetlana Coelho Ph: 91 250 2322683, 91 250 2324220, 91 250 2325018 drswetlanacoelho@gmail.com",www.cardinalgraciashospital.com View Brochure,maharashtra,19.364336,72.805132
164,"Krishna Institute of Medical Sciences University Dept of Oncology, Karad, Satara 415110, Maharashtra.","Dr. Anand Gudur (Head of Dept.) Ph: 91 9890929412, 91 2164 241555 Ext. 283 anandgudur@gmail.com",,maharashtra,17.2600993,74.1763813
165,"Chinchpada Christian Hospital Chinchpada, Navapur taluka, Nandurbar District, PIN 425417 Maharashtra.",Dr. Ashita Singh (Programme Director) ashitasingh@live.com Mr. Daniel Kautikkar (Programme Coordinator) chinchpada@eha-health.org Ph: 91 259243243,View,maharashtra,21.190769,73.9214497
166,"OnCare N. K. Dhabhar Cancer Foundation Masina Hospital Compound, Sant Savta Mali Marg, Byculla, Mumbai 400027, Maharashtra.",Ph: 91 22 61841225 oncare.nkdcf@gmail.com Dr. Khurshid Mistry Ph: 91 9820739584 Dr. Pouruchisti Dhabhar Ph: 91 9820343852,www.dhabharcancerfoundation.org/,maharashtra,18.9754847,72.8361074
167,"PallEx Healthcare Sanjeevan Maternity & Surgical Hospital, D. P. Road end,  Opp. Aundh Telephone Exchange, Pune 411007, Maharashtra.","Dr Prince John Ph: 91 22 25548019, Ph: 91 9011754649 prince.john@pallexcare.com Simoni Binoy Ph: 91 9923150506",,maharashtra,18.5594131,73.8025448
168,"Deenanath Mangeshkar Hospital & Research Centre Near Mhatre Bridge, Erandawne, Pune 411004, Maharashtra.","Dr Sonali Bhasme Sahu Ph: 91 20 40151000, 91 9822173108",http://www.dmhospital.org,maharashtra,18.5020467,73.8322305
169,"Matha Vihar Nursing Home Stella Maris Convent Chunala, Post Manikgarth Road, Rajura Tq,  Dist: Chandrapur, PIN 442905, Maharashtra.",Sister Seena Ph: 91 9689564282 joseseena03@gmail.com,,maharashtra,19.7832561,79.3799252
170,"Mother Theresa Palliative Care Dayasagar Hospital, Amravati Camp, Amravati 444602, Maharashtra.","Sr. Dr. Linet (Sr. Dr. Viji Poulose visitng) Ph: 91 7464979434 amrithafcc@gmail.com, alphonsanag2009@gmail.com",,maharashtra,20.9364102,77.770707
171,"Jeevandhara Society of Sisters of St. Joseph St. Joseph’s Hospital Yerla, Maharashtra.","Sister Dr. Bindu Ph: 91 9405982938 pratyashasjh@gmail.com, binducsj@gmail.com",,maharashtra,21.20237,78.961926
172,"Sukoon Nilaya Palliative Care Centre King George V Memorial,  Anand Niketan, Near Famous Studio, Mahalaximi 400011, Maharashtra.",Sandhya Rajhans Ph: 91 9545846677 Pranali Lad Ph: 91 9664266525 kgvmpcc2021@gmail.com,www.kgvmtrust.org/ View Brochure,maharashtra,18.9888074,72.8230013
173,"Kolhapur Cancer Center A/p. R. S. No. 238,  (Opp. Mayur Petrol Pump) Gokul Shirgaon, Kolhapur 416234, Maharashtra.",Ph: 91 88880 24444 info@kolhapurcancercentre.com Dr. Chaitanya Patil Ph: 91 9764167788,https://kolhapurcancercentre.com,maharashtra,16.6634117,74.2656425
174,"Pediatric Palliative & Supportive Care Unit Bai Jerbai Wadia Hospital for Children, Parel, Mumbai 400012, Maharashtra.",Dr. Veronique Dinand Ph: 91 9971839244 verodinand@gmail.com Dr. Smriti Khanna Ph: 91 9892008228,www.wadiahospitals.org,maharashtra,19.0043118,72.8415244
175,"Shri Siddhivinayak Ganapati Cancer Hospital Sanjeevan Medical Foundation, Sangli Road, Miraj 416410, Maharashtra.",Ph: 91 233 2211601 cancermiraj@gmail.com Dr Amit Grover Ph: 91 9860482449 Mrs Mary Margaret Manda Ph: 91 8788286821,,maharashtra,16.8338904,74.6354323
176,"Mehermay Sanjeevan Palliative Cancer Care Centre Meherblessed Sanjeevan Welfare Foundation, Govindchhaya Farm, Near Maruti Mandir, At - Arangoan, Post - Meherabad,  Taluka - Nagar, District- Ahmednagar,  PIN - 414006, Maharashtra.",Ph: 91 9850988824 sanjeevanfoundation@gmail.com Mr. Mahesh Govind Pawar Ph: 91 9850988825 Mrs. Sandhya Mahesh Pawar Ph: 91 8308911119,,maharashtra,19.0257743,74.7165799
177,"Dr. Rucha’s Pain & Palliative Care Centre Yogyam Hospital, Vasai (West), Mumbai 401202, Maharashtra.","Dr. Rucha Patil Ph: 91 9922068927, 91 9175253003 rucha.d2e@gmail.com",,maharashtra,19.3878216,72.8264204
178,"Symponia Palliative Care Bharatiya Arogyanidhi Hospital, Mumbai-Juhu Scheme, Vile Parle (West), Mumbai 400059, Maharashtra.",Dr jagruti kamdar Ph: 91 9819025054 jagruti@thewellnesshost.com,,maharashtra,19.1113308,72.8284508
179,"Snehsawali Care Centre Sanj Sawali Care Foundation Near Mahindra Rstnaprabha Showroom, Opposite Kalpak Lawn, Beed Bypass Road, Aurangabad 431010, Maharashtra.",Dr Balaji Asegaonkar Ph: 91 9325078733 b_asegaonkar@yahoo.com Akshaya Patil Ph: 91 755 827 1868,,maharashtra,19.8519575,75.3171724
180,"SMBT Palliative Care Centre SMBT Medical College & Hospital, Nandi Hills, Dhamangaon, Tal. Igatpuri, Dist. Nashik, Nashik 422009, Maharashtra.",Ph: 91 7770068855 opm@smbt.edu.in Dr Warungase Hiraman Ph: 91 9420364157 Laxminarayan S Baviskar Ph: 91 7770068866,smbt.edu.in,maharashtra,19.7603083,73.7682782
181,"Padhar Hospital Betul Padhar, Betul 460005, Madhya Pradesh.","Dr. Prafulla Parmarth Ph: 91 9754518186, 91 7141 263337 Fax: 91 7141 263346 padharhospital@gmail.com",www.padharhospital.org,madhya pradesh,22.0550522,77.8648956
182,"Bhopal Pain & Palliative Care Centre Lakecity Hospital, B-27 Kasturba Nagar, Bhopal 462001, Madhya Pradesh.","Dr. Anil Jain Ph: 91 755 2602502, 91 9827093683 draniljain83@yahoo.co.in, lakecityhospital@gmail.com",www.lakecityhospital.net,madhya pradesh,23.2324312,77.4398656
183,"Karunalaya – Lala Lajpat Rai Hospice Jawaharlal Nehru Cancer Hospital/Research Centre, Idgah Hills, Bhopal, Madhya Pradesh.","Dr. B. Sanyal (Medical Director) Ph: 91 755 2665720, 91 755 2666374 Fax: 91 755 738325 jnchcancer@gmail.com",,madhya pradesh,20.8838826,75.6010896
184,"Indian Institute of Head and Neck Oncology (Indore Cancer Foundation) Pigdamber Road, Rau, (Near IIM Indore gate no 2), Indore 453331, Madhya Pradesh.","Ph:  91 731 2856353, 91 731 2014753 (9:30 am to 5:00 pm) Ph: 91 8224846664 (24 hours) Dr. Digpal Dharkar Ph: 91 9826050022 digpaldharkar@gmail.com Dr. Gauraiya Chinchalker palliativemedicineindore@gmail.com",,madhya pradesh,22.6758806,75.838541
185,"Choithram Hospital & Research Center Manikbagh Road, Indore 452010,  Madhya Pradesh.",Dr. Suruchi Singh Ph: 91 88890 88815 Dr. Amit Joshi Ph:  +91 89658 92204 amitjoshi2312@gmail.com,,madhya pradesh,22.6876476,75.8544417
186,"Christian Hospital Chhatarpur Chhatarpur, Mahoba Road, PIN 471001, Madhya Pradesh.",Mr. Vinay John (Consultant Nursing) chhatarpur@eha-health.org,,madhya pradesh,25.0361065,79.7929056
187,"Government Cancer Hospital Indore, Madhya Pradesh.",Dr. Akhil Garg Ph: 91 98930 24474,,madhya pradesh,22.711135,75.8805532
188,"Jawaharlal Nehru Cancer Hospital & Research Centre Idgah Hills, Bhopal 462001, Madhya Pradesh.",Dr. Aarti Kaul Patel Ph: 91 755 2665720 jnchcancer@gmail.com,www.jnch.nic.in/default.htm,madhya pradesh,23.2730315,77.3806136
189,"CAPF, Composite Hospital Border Security Force, Tekanpur, Gwalior 475005, Madhya Pradesh.",Dr. Thangalakshmi Arun Ph: +91 9865559647 Email: drthangalakshmi@gmail.com,,madhya pradesh,26.0023571,78.2803672
190,"Career Institute Of Medical Science, Bhopal Career Society, Opposite Bhel Dushehra Maidan, Govindpura, Bhopal 462023, Madhya Pradesh",Ph: 91 9301099405 info.cims03@gmail.com,,madhya pradesh,23.2309674,77.450915
191,"Dardsatya - The Palliative Care organization Pain and Palliative Medicine,  AIIMS, Bhopal.",Dr. Shiv Pratap Singh Rana (Consultant and Head) Ph: 91 9968856425 spsrana@gmail.com,,madhya pradesh,23.2094476,77.4581713
192,"New Life Clinic  Chetak Puri, (Opposite SBI Bank) Gwalior 474001, Madhya Pradesh.",Dr. Chandan Sahu Ph: 91 9039193607 dr.sahuchandan@gmail.com,,madhya pradesh,26.2094869,78.1649861
193,"SRJ CBCC Cancer Hospital A. B. Road (Near LIG Square) Indore 452008, Madhya Pradesh.",Dr. Shrenik Ostwal Ph: 91 9970975241 drshrenikostwal@gmail.com,,madhya pradesh,22.6798101,75.8433828
194,"Cancer and palliative care District hospital Ujjain Health department Madhya Pradesh, Near Chamunda Mata Chouraha District Hospital Ujjain, Ujjain 456010, Madhya Pradesh.",Dr. C. M. Tripathi Ph: 91 9425444017 stacheoff@gmail.com,,madhya pradesh,23.1853289,75.7829656
195,"Sri Aurobindo Medical College and Post graduate institute Ujjain Road,  MR 10 crossing,  Indore 453555, Madhya Pradesh.",Dr Pankaj Singhai Ph: 91 9920828452 doctorpsinghai@gmail.com,saimsonline.com,madhya pradesh,22.7960795,75.8451277
196,"J. K. Hospital, Bhopal L. N. Medical college Sarvadharm, C Sector, Kolar Road, Bhopal 462042, Madhya Pradesh.",Dr Roopesh Jain Ph: 91 9425025425 drroopeshjain@gmail.com,,madhya pradesh,23.1789826,77.4278636
197,"Lakshadweep Institute of Palliative Medicine Thanal Charitable Organization, Kavaratti 682555, Lakshadweep,",Abdhul Hameed Maulana Ph: 91 9495877410 Dr. Ali Azher Ph: 91 8281964363 aliazhermuhammed@gmail.com,www.thanallak.org,lakshadweep,10.5611803,72.6462029
198,"Karunyam Students Palliative Care Government T D Medical College, Vandanam, Alappuzha, Kerala.","Dr. Veena Ph: 91 9447456052, 91 9447439802",,kerala,9.4081174,76.347421
199,"Assisi Hospice & Palliative Care Centre P. O.: Punnapra, Alappuzha 688004, Kerala.","Dr. Geetha Vijay, Administrator Dr. Rajan Philip Mathew Ph: 91 477 2557497 Sr. Merzlin Ph: 91 477 2287497",www.painandpalliativecarethrissur.org,kerala,9.4494224,76.3354802
200,"IMA Pain & Palliative Clinic Chirakkadavom, Near St. Mary’s School, Kayamkulam 690 502, Kerala.",Dr. Radhakrishnan Dr. Ambika Sr. Mary Ph: 91 9847310812,,kerala,9.1692962,76.503839
201,"Sacred Heart General Hospital Green Gardens, P. O.: Cherthala, Alappuzha 688524, Kerala.",Dr. K. V. Mohan,,kerala,9.6619694,76.339097
202,"Sanjivani Multi Speciality Hospital P. O.: Kollakadavu, Chengannur, Alappuzha 690509, Kerala.",Dr. Darshana Pillai,,kerala,9.259299,76.5961806
203,"Kuriakose Chavara Memorial Hospital Nooranad, LS P O, Alappuzha 690571, Kerala.",Dr. Sr. Mary Padinjarepeedikayil,,kerala,9.1753251,76.624519
204,"Sreekantapuram Hospital Kandiyoor, Mavelikkara, Alappuzha, Kerala.",Dr. M. Venugopal,,kerala,9.250871,76.5274702
205,"Alappuzha District Initiative in Palliative Care (AIPC) General Hospital, Alappuzha, Kerala.","Ph: 91 9037425430, 91 8714166616 aipcalpy@gmail.com",,kerala,9.4937133,76.3397898
206,"Alapuzha AMA Palliative Care Center Pattaniyidukku, Sanathanam Ward, Alapuzha, Kerala.","Ph: 91 9746468101, 91 9447485230",,kerala,9.4955856,76.3388396
207,"Santhwanam Pain & Palliative Care Society   Suha Complex, PH-Ward, Alapuzha, Kerala.","Ph: 91 9447114130, 91 9447144200",,kerala,9.2503134,76.4804744
208,"NM Trust Palliative Care Center Valiyamaram, Alappuzha, Kerala.","Ph: 91 9037790913, 91 8089073801",,kerala,9.4849536,76.3324819
209,"Chass Karunya Medical & Palliative Care Trust  Pazhayangady, Alappuzha, Kerala.","Ph: 91 9496158292, 91 9847039715.",,kerala,9.48799,76.3260992
210,"Alfa Palliative Care Center  Near HMCA Chappal, Thathampally,  Alapuzha, Kerala.","Ph: 91 7559045530, 91 9747903088",,kerala,9.8972794,76.2578032
211,"CK Bhaskaran Karunya Pain & Palliative Care  Kallapuram, Muhamma, Alapuzha, Kerala.","Ph: 91 9446456262, 91 9497242358",,kerala,9.634188,76.3719637
212,"Pain & Palliative Care Unit,  MCH Vandanam,  Alapuzha, Kerala.",Ph: 91 9446537399,,kerala,9.4081174,76.347421
213,"Palliative Care District Unit General Hospital Alapuzha, Alapuzha, Kerala.",Ph: 91 8547 537525,,kerala,9.4785536,76.3433092
214,"Samhathi Palliattive Care  Mararikkulam,  Alapuzha, Kerala.",Ph, 91 478 2860778,kerala,9.6024343,76.3115598
215,"Vayojanakshemam Pain and Palliative care AMC 28/467 Sanathanapuram, P. O.: Alappuzha 3, PIN 688003, Kerala.","P. Viswanathan Pillai Ph: 91 9495439272, 91 8129771131 pvpillai1953@gmail.com",,kerala,38.9073497,-94.767132
216,"Bangalore Baptist Hospital Urban program: Palliative Care Department,  Bellary Road, Hebbal;  Bangalore 560024, Karnataka.","Dr Amy Siew & Dr Sapna Mathew Ph: 91 80 22024395, 91 80 22024700 palliative@bbh.org.in",www.bbh.org.in,Karnataka,13.0358406,77.5895705
217,"Bangalore Baptist Hospital Rural program: Devanahalli Campus,  Bommenahalli Road,  Devanahalli 563112, Karnataka",Dr S. Ravi Livingstone (Bangalore Rural Dist & Chikkaballapur Dist) Ph: 91 9380977573 palliative@bbh.org.in,www.bbh.org.in,Karnataka,13.365512,77.7684483
218,"Karunashraya – Bangalore Hospice Trust Airport Varthur Main Road, Marathahalli, Kundalahalli Gate, Bangalore 560037, Karnataka.",Dr. Nagesh Simha Ph: 91 80 42685666 Fax: 91 80 28476201 karunashraya@vsnl.com,www.karunashraya.org,Karnataka,12.9576509,77.7133942
219,"Department of Palliative Care Kidwai Memorial Institute of Oncology, Dr. M. H. Marigowda Road, Bangalore 560029, Karnataka.","Dr. Linge Gowda KB drlingegowda@yahoo.com Ph: 91 80 2609 4100, 91 80 2656 0703, 91 98452 26581 kidwai@.nic.in, contactus@kmio.org",www.kar.nic.in/kidwai/,Karnataka,12.9381932,77.5984753
220,"Department of Pain and Palliative Medicine, St John's Medical College and Hospital, Bangalore, Catholic Bishop's Conference of India (CBCI), Sarjapur Road, Bangalore 560034, Karnataka.","Ph: 91 80 22065925, ppcusjmch@gmail.com Dr Geraldine Monteiro Ph: 91 80 22065913, 91 7411916820",www.stjohns.in,Karnataka,12.9247034,77.6326858
221,"HCG Comprehensive Cancer Care Hospital Room 208, 2nd Floor, Tower 4, K. R. Road, Sampangiram Nagar,, Bangalore 560027, Karnataka.",Ph: 91 80 61562208 manojbengaluru.gk@gmail.com Dr G K Manoj Ph: 91 9886770724,www.hcgoncology.com,Karnataka,12.9643381,77.5896177
222,"Ave Maria Centre for Palliative care Mangalanagara Kudupu, Vamanjoor, Mangalore.",Ph: 91 9449830186,www.avemariapalliativecare.org,Karnataka,12.9088169,74.8935315
223,"Mysore Palliative Care Center Viveka Araike Kendra, #248, B. N. Street, Akki chowka, Near K. R. Hospital, Mysore 01, Karnataka.",,,Karnataka,12.340615,76.627502
224,"Adarsha Hospital APMC Road, Puttur, Dakshina Kannada 574201, Karnataka.",,,Karnataka,12.7652083,75.2079526
225,"Sharanya Hospice Service Project, Opp. Modern Talkies, Garden Area, B. H. Road, Shimoga, Karnataka.",Ph: 91 8182 223366 sharanya_shimoga@rediffmail.com,www.sharanyahospice.org,Karnataka,13.9304082,75.572853
226,"Samraksha 11 Sreenivasam, 6th Main, A Cross, Bull Temple Road, Chamrajpet, Bangalore 560046, Karnataka.","Ms Sanghamitra Iyengar, Director sanghamitra.iyengar@gmail.com Ph: 91 9448458301",http://www.samraksha.org,Karnataka,12.9547851,77.5674834
227,"Palliative Care Centre Swami Vivekananda Youth Movement, Ghafar Khan Ward,  PKTB & CD Hospital campus,  KRS Road,  Mysuru 570002, Karnataka.",Ph: 91821 2974133 palliativecare@svym.org.in Dr Vibha S P 91 9686666155 Mr Ramakrishna Mudre 91 9886379529,www.svym.org,Karnataka,12.340615,76.627502
228,"Pushpa Hospital Narshimaraipura, Chikamanglur, Karnataka.",Sr. Dr. Mary Sussana Ph: 91 9449651252 marrysusanna@yahoo.com,Supported by Catholic Health Association of India (CHAI).,Karnataka,13.6070895,75.5048275
229,"Navajeeevan Holistic And Palliative Care Centre Malnad Social Service Society, St. Joseph Chruch Compound, Sagar Road, Shivamogga, Dist: Shimoga, PIN 577204, Karnataka.",Father Abhraham Ph: 91 9482598520 msssbhadravathi@gmail.com,,Karnataka,14.0650697,75.2804652
230,"ClearMedi Radiant Hospital A unit of ClearMedi Health Care Pvt.Ltd., No. 2 C-1, A – 1 Block, 3rd Stage,  Vijaynagar,  Mysuru 570017, Karnataka.",Ph: 91 9513512199 info.radiant@clearmedi.com Dr. Vidya N. Ph:  92 9739299306 Dr. Manjunath Ph: 91 9880621777,,Karnataka,12.3217974,76.6091748
231,"Kshema Hospice Kshema Palliative Care LLP, No 15/A, 17th Cross,  21st Main, 5th Phase, J. P. Nagar, Bengaluru 560078, Karnataka.",Ph: 91 8049563868 hospice@kshemahealth.co.in Dr Rahul Ph: 91 9108930666 Dr Nayan Kumar Ph: 91 9902233221,www.kshemahospice.co.in,Karnataka,12.902691,77.5868937
232,"Aster CMI Hospital D. M. Healthcare #43/2, New Airport Road, NH-7, Dr. Puneeth Rajkumar Rd, Sahakar Nagar,  Bengaluru 560092, Karnataka.",Dr Raghavendra Ramanjulu Ph: 91 9886179793 drragraj1@gmail.com Dr Amelia Sahana Micheal Ph: 91 8904873642,www.asterhospitals.in,Karnataka,13.054497,77.5915659
233,"Samzios Palliative Care & Research Institute Pvt Ltd 16-1-1, Behind KSDC, Near Gold Hub, Kalaburagi 585102, Karnataka.",Ph: 91 8762501721 ceo@samzios.com Dr Aradhana Katke Ph: 91 9449058721 Manish Katke Ph: 91 8762438721,www.samzios.com,Karnataka,17.3266769,76.8327218
234,"Kosish - the Hospice Plot B/5 Centre Market, Lakshmi Market, Sector 4, Bokaro Steel City 827004, Jharkhand.","Dr. Abhijit Dam Ph: 91 8986872998, 91 8789976351, 91 9431915282 ratuldam@yahoo.com",kosishthehospice.wordpress.com facebook.com/kosishthehospice kosishthehospice.webs.com,jharkhand,23.497663,86.1996796
235,"Pritpal Palliative Care Centre Meherbai Tata Memorial Hospital, Stocking Road, Northern Town, Bistupur,  Jamshedpur 831001, Jharkhand.",Ph: 91 6576641366 info@mtmh.co.in Dr. Pradeep Kulkarni Ph: 91 9823125524,www.mtmh.org.in,jharkhand,22.802715,86.181393
236,"St. Lukes Health Centre Congregation of Teresian Carmelites, Dakaita, PO: Lalmatia, Dist: Godda, PIN 814165, Jharkhand.",Sr. Dr. Mary Laly (Divya) Ph: 91 8825309855 dr.marylay@gmail.com,Supported by Catholic Health Association of India (CHAI).,jharkhand,25.0576058,87.3655242
237,"Ursuline Ashadeep Palliative Care Centre Ursuline Ashadeep, Hesag,  PO: Hatia, Ranchi 834003, Jharkhand.",Sr. Augustina Kerketta Ph: 91 9470394238 ashadeepccc12@yahoo.in,,jharkhand,23.2979382,85.3155002
238,"St. Ursula Hospital Lohardaga, Jharkhand",Sister Dr. Eileen Kujur Ph: 91 9006753741 enkr03@yahoo.co.in,,jharkhand,23.4218482,84.6885421
239,"Holy Cross Institute HCCHCC Tarwa-Karwa, Pomaheshra, Hazaribag, Jharkhand.","Sister Dr. Laisa Ph: 91 9472746145, 91 8294994006, 91 7250101910 hcchcc14@gmail.com",,jharkhand,24.0040965,85.3785535
240,"Palliative Care Unit Rajendra Institute of Medical Sciences (RIMS), Department of Anaesthesia,  Bariatu, Ranchi 834009, Jharkhand.","Dr Wasim Hoda (Asst. prof., Dept. of Anesthesiology) Ph: 91 8797770602 wasu077@gmail.com",,jharkhand,23.3901868,85.349294
241,"CanSupport Jamshedpur Centre Palliative Ward, First Floor, Meherbai Tata Memorial Hospital, Bistupur, Jamshedpur 831001, Jharkhand.",Dr Saurabh Sahay Ph: 91 9205566122 info@cansupport.org,www.cansupport.org,jharkhand,22.802715,86.181393
242,"Hakim Sanaullah Cancer Centre Mazbugh Road, Sopore, Kashmir, Jammu & Kashmir.",Prof. Shad Salim Akhtar Ph: 91 9419409355 shadsalim@hotmail.com,,kashmir,34.279877,74.431734
243,"Pain & Palliative Care Centre Sher-I – Kashmir Institute of Medical Sciences Soura, Srinagar, PIN 190011, Jammu & Kashmir.",Ph: 91 9797255210 Dr. Owais Ahmad Zargar Ph: 91 9797255210 owaiskas786@gmail.com Dr. Nazir Ahmad Khan Ph: 91 +919419080770,www.skims.ac.in,kashmir,34.136145,74.8000465
244,"Dr. Rajendra Prasad Government Medical College Kangra, Dist.: Tanda, Himachal Pradesh.","Dr. Parveen KumarSharma (Prof. Pharmacology & Coordinator) Ph: 91 9418071364 Dr. Rekha Bansal (Asso. Prof., Dept. of Pulmonary Medicine) Ph: 91 9459933703",,himachal pradesh,32.0991951,76.2986883
245,"Indira Gandhi Medical College Department of Radiotherapy Shimla, Himachal Pradesh.",Prof. Dr. Rajeev Seam Ph: 91 9418486567 rajeevseam@yahoo.com Dr. Purnima Thakur,,,31.1064901,77.1822518
246,"Pain & Palliative Care Cell TCC, IGMC Shimla, Shimla 171001, Himacha Pradesh.",Dr. Vinay Somya Ph: 91 7018162369 somyavinay2011@gmail.com,,himachal pradesh,31.1064901,77.1822518
247,"Yamuna Karuna Sanstha Gyan Chand Goyal Dharamshalla, Taruwalla Road, Paonta Sahib, PIN: 173025, Himachal Pradesh.",Dr. Parvesh Sablok Ph: 91 9418049424 parveshsablok@yahoo.co.in Mr. Shanti Swaroop Gupta Ph: 91 7018268898,,himachal pradesh,30.450098,77.6096659
248,"Dept of Pain Medicine & Palliative Care Artemis Hospital, Gurgaon, Haryana.",Dr. Ashu Jain Ph: 91 9810644442,,Haryana,28.4422102,77.0689508
249,"Pain & Palliative Care Clinic Fortis Hospital, Gurgaon, Haryana.",Dr. B. K. Mohanti Ph: 91 9871045812,,Haryana,28.4434664,77.0778971
250,"Rotary Cancer and General Hospital Ram Bagh Road, Ambala Cantt, PIN 133005, Haryana.",Ph: 91 171 2690009 Dr. Geetha Ph: 91 8105871327,,Haryana,30.331802,76.8471001
251,Rotary Cancer and General Hospital ‘Sneh Sparsh’ Home Care Project,Dr. Tapan Haazra Ph: 91 9996348131,,Haryana,30.331802,76.8471001
252,"District Civil Hospital Radio-Oncology Department Ambala, Haryana.",Dr. Vikas Gupta Ph: 91 9416216601 vikasgupta1214@gmail.com,,Haryana,30.3668249,76.8134475
253,"Global Cancer Concern India Head Office: C-659, Sushant Lok Phase – 1, Gurgaon – 122009 Haryana.",Ph:-91 124 2564473 (74 to 75) gcci@vsnl.com,,Haryana,28.450386,77.0845852
254,"CanSupport Rohtak Centre Plot No 44, Omaxe City, Delhi Bypass Road, Rohtak 124021, Haryana.",info@cansupport.org Dr Rohini Sharma Ph: 91 9871417400 Mr Sahil Ph: 91 9289410092,www.cansupport.org,Haryana,28.7185509,76.845307
255,"Asian Fidelis Multispecialty Hospital Sector 88, Faridabad 171002, Haryana.",Ph: 91 98103 70990 (CRM) Dr Malvinder Singh Sahi Ph: 91 8447505078 malvindersahi@gmail.com Dr Karn Mehra (Pulmologist) Ph: 91 95602 13450,,Haryana,28.4187166,77.356167
256,"Palliative Care Clinic, Guru Govind Singh Hospital, Pandit Nehru Marg, Jamnagar 361008, Gujarat.","Dr. Pritesh Patel (Medical Officer) Ph: 91 9429097469 dr.priteshpatel@gmail.com Dr. Jitesh Sarvaiya Ph: 91 9924940985, 91 9033611246 drjitu786@gmail.com",,gujrat,22.4782724,70.0638334
257,"Department of Palliative Care Gujarat Cancer & Research Institute, Ahmedabad (Govt of Gujarat, Central Govt and Gujarat Cancer Society) Civil Hospital Campus, Asarwa, Ahmedabad 380016, Gujarat.","Ph.: 91 79 22688080, 22688000 Dr. Shashank Pandya (Director, GCRI) Ph.: 91 9825267442 director@gcriindia.org Dr. Priti Sanghavi, Prof & HOD, Palliative Medicine Ph.: 91 9825420656 priti.sanghavi@gcriindia.org Dr. Geeta Joshi Ph.: 91 9824075707 dr.geetajoshi@gmail.com",,gujrat,23.0506824,72.6068997
258,"Kailash Cancer Hospital Muni Seva Ashram, (Near Vadodara), Goraj, Waghodia, Gujarat.","Dr. Vikram Patel (Chairman) Ph: 91 8980189329, 91 9974094154 munisevaashram@yahoo.co.in",www.munisevaashram.org,gujrat,22.3343565,73.4648255
259,"Manibhai Shivabhai Patel Cancer Centre H. M. Patel Centre for Medical Care & Education, Shree Krishna hospital, Gokal Nagar, Karamsad 388325, Gujarat.","Dr. Utpala Kharot (Dean) Ph: 91 2692 222130, 91 9825318749 Fax: 91 2692 223466 ukharot@charotarhealth.com Dr. Dinesh Kumar (Prof. in Community Medicine) Ph: 91 9409601530, 91 9662045484 drdineshkl@gmail.com Dr. Namrata Donga Ph: 91 8866644204 donganamrata.nd@gmail.com",,gujrat,22.5410188,72.8961669
260,"Lions Cancer Detection Centre Opposite Causality, Civil Hospital Campus, Surat, Gujarat.","Dr. Sanjay Nandeshwar (Director, Radiation Oncologist) Ph: 91 9426134765, 91 261 2242862, 91 261 2244147, 91 261 3244456 drsnandeshwar@gmail.com",,gujrat,21.1798081,72.8227653
261,"Karunalay Cancer Palliative Care Centre C/o Thakershy Charitable Trust Hospital, Opposite Bimanagar society, Behind Siddhivinayak complex, Shivranjani Cross Roads, Ahmedabad 380015, Gujarat.","Ph:  91 7927654002, 91 7405044001",www.shyamoncologyfoundation.org,gujrat,18.9762309,72.8413261
262,H. C. G. Hospital,"Dr. Jay Panchal (Director, Pain & Palliative Care) Ph: 91 9825058107 drjaypanchal@gmail.com",,gujrat,18.0176231,74.181624
263,"Advanced Pain Care Clinic 806/807 Kashi Plaza Appartment, Opposite Dayalji Ashram, MajuraA Gate, Surat 395001, Gujarat.","Dr. Jayesh Thakrar 91 9328395306, 91 9825263969 dr.thakrarjayesh@gmail.com Mrs. Kalpana 91 9328395306",,gujrat,21.1830186,72.8188141
264,"Bharat Cancer Hospital & Research Institute Bhartimaiya Memorial Foundation, Manav Daya Trust Complex, Puna Kumbharia Road,  Saroli, Surat 395010, Gujarat.","Dr. Apeksha Modi Ph: 91 9462777136 drapeksha.modi@gmail.com, bharatcancer@gmail.com",,gujrat,21.1896473,72.8832168
265,"Divya Chhaya Hospital Divya Chhaya, Subir, Dist: Dangs, Ahwa 394716, Gujarat.","Sr. Dr. Joemol Peter CCV Ph: 91 2631 29012291, 91 9510317059 jomaccv97@rediffmail.com, maryjohnkccv@gmail.com",,gujrat,20.933776,73.777158
266,"Shanti Avedna Ashram, Goa Nacorda, Loutulim, Salcette 403718, Goa.",Ph: 91 832 2777024 saalgoa@satyam.net.in Dr. Mavis Falleiro  falleiromavis@rediffmail.com,http://www.shantiavednasadan.in,goa,15.3449216,73.9735603
267,"CanSupport A2, Gulmohar Park, August Kranti Marg, Opposite Kamla Nehru College, New Delhi 110049, Delhi.","Ph: 91 11 4101 0539, 91 98990 11212 Ms Harmala Gupta, Founder - President	harmalagupta@cansupport.org Dr. Ravinder Mohan Ph: 91 98182 15821 Dr Reena Sharma Ph: 91 98106 06843 info@cansupport.org",http://www.cansupport.org/,Delhi,28.5566824,77.2157962
268,"Rotary Cancer Hospital Pain Clinic Dept. of Onco-Anaesthesia & Palliative medicine All India Institute of Medical Sciences, New Delhi NCT.","Ph: 91 11 26588500, 91 11 26588700 director@aiims.edu Dr. Sushma Bhatnagar (Prof. & HOD) Ph: 91 11 6864851 narbhat@hotmail.com Dr Seema Mishra (Associate Prof, Dept. of Onco-Anaesthesia & Palliative Medicine) Dr. Rakesh Garg (Associate Prof, Deptt of Onco-Anaesthesia & Palliative Medicine) Ph: 91 98103 94950 drgarg@hotmail.com Pager of Duty Doctor Ph: 91 98683 98301",,Delhi,28.5637242,77.2075118
269,"Shanti Avedna Ashram 1 Factory Road, Ring Road, New Delhi NCT 110029.","Dr. Rajeev Aggarwal, Medical Director Ph: 91 11 6855092, 91 11 26195092 Fax: 91 11 6513142 shantiavednadelhi@vsnl.net",http://www.shantiavednasadan.in,Delhi,28.5638536,77.1947133
270,"Shalom Palliative Unit of Emmanuel Hospital Association D-167, Gali No: 2, Near Libaspur Bus Stand, Burari Road,  Swaroop Nagar, Delhi 110042.",Dr. Savita Duomai Ph: 91 11 27811173 shalomdelhi@eha-health.org savita.duomai@eha-health.org,,Delhi,28.7530844,77.1521212
271,"Sir Ganga Ram Hospital Rajendar Nagar, New Delhi 110060.","Dr. Veronique Dinand Ph: 91 11 42251622, 91 9971839244",www.sgrh.com,Delhi,28.6384547,77.1895572
272,"Army Base Hospital Palliative Care Centre  Army Base Hospital, Delhi Cantonment, New Delhi.",Ph: 91 11 25681276 & 37308 (Extn) Lt. Col. Behl  Ph: 91 7503839095,,Delhi,28.614069,77.1704895
273,"Cankids KidsCan Paediatric Palliative Care Centre Block A, Vasant Vihar,  New Delhi 110057.",Ph: 91 11 41663670 Poonam Bagai (Chair Person) Ph: 91 9811525745 Dr Tenzing Ph: 91 9811243815 Hanife MacGamwell,, Ph: 91 8800845139             hanife@cankidsindia.org,28.5606862,77.1540159
274,"D NIP CARE  Delhites National Initiative in Palliative Care OPD Clinic D-218, Abul Fazal Enclave, Near God's Grace School, Jamia Nagar, Okhla, Delhi 110025. Correspondence Address: A-170, Pandara Road, New Delhi 110003. Permanent Address: 83, Akriti Apartments, 62, I. P. Extension, Delhi 110092.","Ph: 91 11 23389964 Mr. K V Hamza (General Secretary) 91 9891008356 Mr. Suresh Theriyal (Secretary) 91 9868726697 dnipcare@gmail.com, dnipcare@rediffmail.com",www.dnipcare.org,Delhi,28.5821239,77.2624306
275,"Christian Medical Association of India Plot No 2, A-3 Shopping Centre, Janakpuri, New Delhi 110058, India.",Rev. K. G. Daniel Ph: 91 11 5599991  Fax: 91 11 5598150,,Delhi,28.6206936,77.0789609
276,Dardsatya - The Palliative Care organization Columbia Asia Hospital,Dr. Arif Ahmed Ph: 91 9717378390,,Delhi,18.5510472,73.937123
277,Dardsatya- The Palliative Care organization Medanta Medicity,Dr Himanshu Khurana Ph 91 9899033715 hmk26@gmail.com,,Delhi,28.4388648,77.0398481
278,"Dardsatya- The Palliative Care organization Delhi Pain Management Centre Dwarka, Delhi 110078.",Dr Gaurav Chanana (Consultant) Ph: 91 8800483843 icydoc@gmail.com,,Delhi,28.618636,77.0811435
279,"Pain and Palliative Clinic VMMC & Safdarjung Hospital Ground Floor, A-Wing, Room no 14, Old OPD, City/Town/Village: Delhi 110075.",Pk: 91 11 267307359 palliativeclinic1@gmail.com Dr. Saveena Raheja Gulati Ph: 91 9811339597 Dr. Deepa Kerketta Khurana (Associate Professor) Ph: 91 9871813837,www.vmmc-sjh.nic.in,Delhi,28.5689776,77.2030863
280,Rajiv Gandhi Cancer Institute Pain and Palliative care Unit,Dr. Swarupa Mitra (Radio-oncologist) Dr. Malwinder Singh Sahi Ph: 91 8447505078 Dr. Bablesh Mahawar Ph: 91 9891064497 Dr. Sindhu S Nair,,Delhi,28.7165133,77.1114822
281,"24x7 Curodoc Healthcare Private Limited E-514, First Floor, Guru Nanak Plaza, Near Ramphal Chowk,  Sector 7, Dwarka, New Delhi 110075, Delhi.",Ph: 91 8010380380 support@curodoc.com,,Delhi,28.5849683,77.0717998
282,"Christian Medical Association of India Plot No 2, A-3, Local Shopping Centre, Block A3, Janakpuri, New Delhi 110058, Delhi.","Dr Vijay Aruldas, General Secretary varuldas@cmai.org, cmai@cmai.org Ph: 91 11 2559 9991",http://www.cmai.org/index.html,Delhi,28.6206936,77.0789609
283,"Emmanuel Hospital Association Palliative Care Service 808/92, Deepali Building, Nehru Place, New Delhi 110019, Delhi.","Dr Ann Thyle, Director Ph: 91 11 3088 2008 ann@eha-health.org, centraloffice@eha-health.org",http://www.eha-health.org,Delhi,28.548472,77.252876
284,"Max Superspeciality Hospital Press Enclave Marg, Saket, New Delhi 110017.",Dr Gaurav Chanana Ph.: 91 8800483843 drgchanana@gmail.com,,Delhi,28.5545236,77.2161734
285,"Dharamshila Rahat Medical Centre Dharamshila Cancer Foundation And Research Centre, Service Centre no.11, Pocket-11A, FC Village, Dallupura, Vasundhara Enclave,  (Near New Ashok Nagar Police Station) New Delhi 110096, Delhi.",Dr. Suversha Khanna Ph: 91 9810050395 Dr. Amit Jain Ph: 91 9212850560 dcfrc1990@gmail.com,,Delhi,28.6030303,77.3190503
286,"24x7 Curodoc Healthcare 24x7 Curodoc Healthcare Private Limited, E-514. First Floor,  Guru Nanak Plaza,  (Near Ramphal Chowk) Sector 7, Dwarka, New Delhi 110075, Delhi.",Ph: 91 8010380380 support@curodoc.com,https://curodoc.com/,Delhi,28.5849683,77.0717998
287,"ACCN Advanced – Cancer Care Network 7th Floor, Kings building, Sector – 10, Rohini,  New Delhi 110085, Delhi.",Dr. G. N. Goyal Ph: 91 9891118861 advancedcancercare@gmail.com,www.cancerpainindia.com,Delhi,28.716298,77.1132549
288,"Dharamshila Rahat Medical Centre  Dharamshila Cancer Foundation & Research Centre, Service Centre No. 11, Vasundhara Enclave, Delhi 110096.",Ph: 91 9212850560 Info@dharamshilarahat.com  Amit Jain  Ph: 91 9212850560 dr.amitjain@rediffmail.com,www.dharamshilarahat.com,Delhi,28.6035469,77.3240684
289,"HOPE Oncology Clinic A 22, Hauz Khas, Delhi 110016, Delhi.",Dr Ruparna Khurana Ph: 91 8860815562 ruparna@gmail.com Dr sonali Chatterjee Ph: 91 8860815562,hopeonco.com/,Delhi,28.5534317,77.1928293
290,"Late BRK M. Govrnment Medical College Deenbandhu Samaj Gyanodaya Convent Adawal, Jagdalpur, Bastar, PIN 494001, Chhattisgarh.",Sr. Dr. Mary Kutty (Merlin) Sr. Dr. Merly Karikulam Ph: 91 75872 70322 merlysr@yahoo.com,Supported by Catholic Health Association of India (CHAI).,Chattisgarh,19.0676237,82.0019759
291,"Pushpa Hospital Sr. Dr. Ancily  Francis, Assisi Sewa Samaj, St. Thomas  Ashram,  Dallirajhara PIN 491228, Chhattisgarh.","Ph: 91 7748285735, 91 7898678157 drancily@yahoo.com Sr. Antonnette  Mary Ph: 91 9479203379 Sr. Geeta Francis Ph: 91 9407759450",,Chattisgarh,20.5826624,81.0716557
292,"AIIMS Raipur Tatiband G. E. Road, Raipur 492099, Chhattisgarh.",Dr Avinash Tiwari Ph: 91 8319505058 doctoravinashtiwari@gmail.com,,Chattisgarh,21.2569612,81.579519
293,"Department of Palliative Medicine, Balco Medical Centre, Vedanta Medical Research Foundation, Sector 36, Atal Nagar, P. O.: Upparwara, Naya Raipur Raipur 493661 Chhattisgarh.","Ph: 91 771 2237575, 91 8282823333, 91 8282824444 info.vmrf@vedanta.co.in Dr Ashish Mazumdar Ph: 91 9131835559, 91 9575389171",balcomedicalcentre.com/,Chattisgarh,21.1221587,81.7748585
294,"Global cancer Concern India Regional Office  5708, Ground Floor, Duplex Modern Complex, Manimajra, Chandigarh 160101.","Ph: 91 172 6570707, 91 9815888553",,chandigarh,30.7171777,76.8338839
295,"Pain and Palliative Clinic Chandigarh Post-Graduate Institute of Medical Education & Research, Dept of Radiotherapy, PGIMER, Sector - 12, Chandigarh 160012.","Ph: 91 172 541032-38 Ext 524, 320 Fax: 91 172 744401, 745078  Prof. Firuza Patel (Head, Radiotherapy) Ph: 91 172 2747585 firuzapatel@gmail.com Dr Sushmita Ghoshal (Prof. and HOD) rtsushmita@gmail.com Dr. Minni Arora  Ph: 91 9815555424	 minniarora17@yahoo.co.in Dr. Bhawana Rai	 Ph: 91 9814635706	  bhavana1035@gmail.com",http://pgimer.edu.in/,chandigarh,30.7651712,76.7756376
296,"Palliative Care Clinic Chandigarh Hospice Civil Dispensary Building, Sector 43-A, Chandigarh.",Dr. Firuza Patel (Director) Ph: 91 172 4667550 firuzapatel@gmail.com,www.chandigarhredcross.com,chandigarh,30.7225381,76.7515309
297,"State Cancer Institute Indira Gandhi Institute of Medical Sciences, Sheikhpura, Patna 800014, Bihar.","Ph: 91 612 2297631, 91 612 2297099 director@igims.org Dr (Prof) Rajesh Kumar Singh Ph: 91 9939088899, 91 9473191832 Dr (Prof) Vinod Kumar Verma Ph: 91  9473191825, 91 8292000111",www.igims.org,Bihar,25.6105573,85.0889323
298,"Madhepura Christian Hospital, P. O. & District: Madhepura, PIN 852113, Bihar.",Dr. Timothy Chelliah madhipura@eha-health.org,,Bihar,25.9060486,86.7796828
299,"Jeejeevisha Niketan Kamini Kumari, (Opposite Bank of Baroda) Chauk, Patna City, Patna 800008, Bihar.",Sujit Kumar Ph: 91 9801017508 Dr. A. Singh Ph: 91 9546992688 jeejeevisha@gmail.com,,Bihar,25.5984936,85.2273067
300,"Mahavir Cancer Sansthan & Research Centre Patna Shri Mahavir Sthan Nyas Samiti, Phulwari Sharif, Patna 801505, Bihar.",Ph: 91 612 2250127 / 2253956/ 3222583 mcspatna98@gmail.com Dr. Rita Rani Ph: 91 9334088632,www.mahavircancersansthan.com,Bihar,25.5781119,85.0809681
301,"Guwahati Pain and Palliative Care Society Durga Nath Hemo Prova Hazarika Memorial Palliative Care Clinic, Bhuban Road, Uzan Bazar, Guwahati - 781001, Assam.","Dr. Dinesh Ch. Goswami, Secretary, Ph: 91 361 2604943, 91 9435731435 painassam@rediffmail.com, goswamidcg@yahoo.co.in",,assam,26.1911711,91.7533104
302,"Digboi Pain and Palliative Care Society AOC Hospital Bapupang, Digboi 786171, Assam.","Dr. Nareswar Sarma Secretary Ph: 91 3751264843 drsarman@yahoo.co.in, SarmaN@iocl.co.in",,assam,27.3960925,95.6319
303,"Cachar Cancer Hospital & Research Centre NS N. S. Avenue, Meherpur, Cachar, Silchar 788015, Assam.","Dr. Ravi Kannan, Director ravi.kannan@cacharcancerhospital.org Ph: 91 3842 235135, 91 3842 231901 91 3842 240608 cchs@bsnl.in Dr. Iqbal Bahar Ph: 91 9435034399 driqbal777@yahoo.co.in iqbal.bahar@cacharcancerhospital.org admin@cacharcancerhospital.org",www.cacharcancerhospital.org,assam,24.788911,92.7979688
304,"Dr. B. Borooah Cancer Institute, Guwahati (Regional Cancer Center) AK Azad Road, Gopinath Nagar, Guwahati 781016, Assam.","Dr. A. C. Kataki, Director Dr. K Bhagabati (Medical officer PCU( Ph: 91 361 2472366, 91 9864093687 kbhagabati@yahoo.co.uk,  bbci_info@yahoo.co.in",www.bbcionline.org,assam,26.1646111,91.7469081
305,"Jorhat Pain & Palliative Care Society Abul Kamal Memorial trust Building, Tarun Ram Phukan Road, Jorhat 1, Assam.",Mr. Prakash Baruah Ph: 91 9954533861,,assam,26.7428816,94.2024813
306,"Sacred Heart Palliative Care Center (Hospice) Hastinapur, 9th Mile, Guwahati 781023, Assam.","Sr. Lisset Ph: 91 3612895143, 91 9954754726",,assam,26.1105321,91.8509325
307,"Sacred Heart Palliative Care Centre House No. 194, PO: Amerigog, Dist: Kamrup Metro, Sonapur Tq, Assam.",Sister Rosemarine Ph: 91 9954754726 sh.pcc2011@gmail.com,,assam,26.1129908,91.8507933
308,"Baptist Christian Hospital, Tezpur, Sonitpur District, Assam.",Dr. Jerine Liankimi tezpur@eha-health.org,,assam,26.6526312,92.7726626
309,"Department of Palliative Oncology North East Cancer Hospital & Research Centre, 11th Mile, Amerigog, Jorabat, Guwahati 781023, Assam.","Dr. Sanghamitra  Bora Ph: 91 9432590980, 91 7399478888, 91 9435707661 nechrighy@gmail.com www.nechri.org",,assam,26.1007205,91.8699261
310,"Department of Pain and Palliative Care  State Cancer Institute, Guwahati Medical College, Guwahati - 781032, Assam.","Dr Arun Deka, HOD Ph: 91 9864096265 drarundeka25@gmail.com  Dr Shantana Das, MO Ph: 91 7086707070 shantanadas@gmail.com Dr Dipankar Dakua  Ph: 91 9707791324 dipankardakua@gmail.com",,assam,26.1597483,91.7654595
311,"Guwahati Pain and Palliative Care Society DNHPH Memorial Palliative Care Clinic, Bhuban Road, Uzan Bazar, Guwahati	781001, Assam.","Dr Dinesh Goswami, Secretary Ph: 0361- 2604943 Email: goswamidcg@yahoo.co.in",www.palliativecarene.org/aboutus.html,assam,26.1911711,91.7533104
312,"KGMT Pain and Palliative Care Center KGMT Multispeciality Hospital. Dr. Kuntal Goswami Memorial Trust, (Opposite Gitanagar Police station) Gitanagar, Guwahati 781024,  Assam.",Ph: 91 9707323509 kuntal_trust@rediffmail.com Dr. Monica Sharma Ph: 91 9859082446 Usha Sharma Ph: 91 9435530055,,assam,26.1719842,91.7813924
313,"Pratishruti Cancer and Palliative Trust House No. 17, J. lane,  P. O.: C. R. Building, West Milan Nagar, Dibrugarh 786005, Assam.","Ph: 91 6001830079, 91 6001688341 pratishruti.dibrugarh1@gmail.com Dr Gayatri Gogoi (Honorary Program Director) Ph: 91 9435030084 Ms. Panna Bharali (Secretary) Ph: 91 9435476027",www.pratishruti.org,assam,27.4619855,94.9112333
314,"Deepsikha Shanti Sthal Sontala, Bongora Mirza, Guwahati 781125l, Assam.",Ph: 91 9954054000 deepsikhafoundation@gmail.com Dr. Mrinmoyee Baruah Ph: 91 9864037697 Nayan Kalita Ph: 91 9864022470,,assam,26.1192862,91.6676661
315,"Arujivn Healthcare Foundation House No 4, Ground Floor, Lakhminath Bezbaruah Path, 1st Left Bylane, Near Hatigaon High School, Hatigaon,  Guwahati 781038, Assam.",Ph: 91 8638740647 arujivnhealthcare@gmail.com Dr Sanghamitra Bora Ph: 91 9432590980,www.arujivnhealthcare.com/,assam,26.1349774,91.7911274
316,"Rajib Palliative Care Centre Village: Niz-Juluki, P. O.: Barama, Dist.: Baksa Barama, PIN: 781346 Assam.",Rajib Das Ph: 91 8133094162 rajibdas757@gmail.com,,assam,26.5213886,91.3410762
